,Unnamed: 0,customer,content,platform,ecosystem,analytics,culture,overall,name,is_public,industry
113,113,1.3,1.0,1.05,1.0,1.0,1.2,1.0916666666666666,comp_113,True,welfare
47,47,1.8,1.25,1.6,1.6,1.6,1.1,1.4916666666666665,comp_47,True,welfare
11,11,1.95,1.95,1.85,1.55,1.4,1.8,1.75,comp_11,True,welfare
133,133,2.9,2.7,1.85,1.7,1.65,1.75,2.0916666666666663,comp_133,True,welfare
61,61,2.75,2.85,2.85,4.9,1.9,4.75,3.333333333333333,comp_61,True,welfare
139,139,2.95,5.0,2.9,5.0,1.55,3.8,3.533333333333333,comp_139,True,welfare
137,137,3.75,5.0,5.0,5.0,1.85,5.0,4.266666666666667,comp_137,True,welfare
34,34,5.0,5.0,5.0,5.0,2.95,5.0,4.658333333333333,comp_34,True,welfare
138,138,4.95,5.0,5.0,5.0,5.0,5.0,4.991666666666666,comp_138,True,welfare
